contractId,contractType,dbEntityId,clientId,startDate,endDate,currency,amount,status
K1,DepositContract,DB5,C32,2023-01-29,2024-10-19,USD,7582243.36,Active
K2,DepositContract,DB4,C39,2021-04-19,2025-04-23,USD,3909196.39,Pending
K3,CreditFacility,DB5,C1,2023-12-25,2027-06-10,USD,6848932.65,Pending
K4,CreditFacility,DB1,C19,2022-04-08,2027-01-26,SGD,1665761.77,Active
K5,DepositContract,DB5,C7,2022-03-29,2025-07-16,EUR,8432526.55,Pending
K6,CreditFacility,DB2,C35,2021-09-09,2023-01-15,JPY,9193085.59,Pending
K7,LoanContract,DB1,C24,2022-10-04,2025-12-27,EUR,2470577.87,Active
K8,LoanContract,DB4,C5,2024-10-28,2025-10-04,JPY,7681760.85,Active
K9,DepositContract,DB3,C34,2024-01-16,2027-08-13,JPY,4289065.61,Active
K10,DepositContract,DB3,C26,2024-08-02,2029-04-24,EUR,4437190.83,Pending
K11,DepositContract,DB2,C5,2023-11-03,2025-01-03,EUR,308239.17,Pending
K12,DepositContract,DB1,C5,2021-12-15,2025-09-30,USD,2366523.66,Active
K13,DepositContract,DB3,C43,2022-10-23,2023-09-13,SGD,2220944.39,Active
K18,LoanContract,DB1,C42,2023-10-08,2027-05-07,JPY,8376673.09,Active
K20,LoanContract,DB4,C17,2021-05-26,2024-01-07,SGD,2923967.37,Pending
K22,LoanContract,DB3,C4,2024-12-04,2029-07-17,USD,5883358.19,Pending
K23,LoanContract,DB5,C6,2024-07-08,2025-11-22,GBP,778361.19,Active
K24,LoanContract,DB5,C16,2021-12-31,2024-10-02,JPY,5985739.62,Pending
K25,CreditFacility,DB3,C14,2020-09-11,2023-07-16,EUR,2462990.93,Closed
K26,CreditFacility,DB4,C21,2021-02-10,2025-05-15,USD,192223.02,Pending
K27,LoanContract,DB5,C14,2024-10-15,2025-11-03,JPY,2725484.11,Closed
K28,CreditFacility,DB3,C11,2020-08-01,2022-06-12,SGD,8354075.05,Pending
K29,LoanContract,DB5,C20,2022-07-28,2026-06-29,USD,9395407.04,Active
K30,LoanContract,DB5,C10,2022-04-01,2023-05-22,EUR,2889387.09,Active
K31,CreditFacility,DB5,C32,2022-12-01,2024-07-19,EUR,9062831.26,Active
K34,DepositContract,DB5,C3,2020-08-21,2025-01-02,EUR,5866844.71,Active
K35,LoanContract,DB3,C24,2023-08-28,2024-11-11,USD,8999353.9,Active
K36,LoanContract,DB3,C50,2022-02-14,2026-05-09,JPY,8852933.54,Closed
K37,DepositContract,DB2,C27,2021-04-25,2023-02-18,USD,1875670.57,Closed
K38,DepositContract,DB3,C11,2023-07-03,2028-06-28,USD,3887163.05,Active
K39,DepositContract,DB4,C23,2024-01-02,2025-09-28,EUR,8223310.17,Active
K40,DepositContract,DB4,C22,2021-11-23,2022-07-09,EUR,8657094.13,Closed
K42,CreditFacility,DB1,C7,2021-07-08,2025-04-07,JPY,4402181.21,Pending
K43,LoanContract,DB4,C37,2022-09-01,2025-08-09,GBP,2621752.81,Pending
K44,DepositContract,DB3,C28,2023-09-16,2024-03-17,USD,9493857.41,Closed
K45,LoanContract,DB3,C33,2022-09-02,2026-11-18,EUR,6702239.75,Closed
K46,CreditFacility,DB5,C9,2023-06-04,2027-10-28,GBP,4262418.7,Closed
K47,CreditFacility,DB4,C36,2021-06-24,2025-06-03,USD,3108362.0,Active
K48,CreditFacility,DB4,C29,2023-08-28,2028-07-21,SGD,6788709.61,Pending
K49,DepositContract,DB1,C19,2024-01-10,2028-12-19,JPY,6672152.98,Pending
K50,DepositContract,DB3,C15,2022-11-07,2023-11-13,GBP,1558804.23,Active
K51,LoanContract,DB4,C27,2022-01-30,2025-03-28,JPY,2024908.84,Pending
K53,DepositContract,DB5,C30,2023-08-13,2025-05-02,USD,5618317.36,Active
K57,CreditFacility,DB3,C35,2021-12-29,2024-01-04,USD,1469903.21,Active
K58,DepositContract,DB2,C5,2023-04-05,2027-08-23,SGD,4135233.76,Pending
K59,LoanContract,DB2,C27,2023-12-18,2026-10-14,SGD,9057900.94,Pending
K61,DepositContract,DB4,C15,2023-07-25,2027-01-27,EUR,4414776.16,Active
K63,LoanContract,DB1,C42,2020-03-24,2022-12-05,SGD,1443424.92,Closed
K64,CreditFacility,DB4,C21,2021-07-18,2022-04-26,GBP,4601523.32,Closed
K66,DepositContract,DB1,C50,2020-06-10,2022-11-23,USD,7566908.72,Active
K67,DepositContract,DB2,C9,2021-09-11,2022-04-20,SGD,6727642.56,Pending
K68,CreditFacility,DB3,C11,2021-11-08,2024-12-14,JPY,6111750.19,Pending
K69,DepositContract,DB3,C7,2020-12-21,2025-10-28,JPY,354216.41,Closed
K71,CreditFacility,DB5,C8,2022-01-24,2023-02-16,JPY,7848089.93,Closed
K72,CreditFacility,DB1,C33,2024-07-13,2027-06-05,EUR,225256.29,Closed
K74,CreditFacility,DB5,C35,2021-07-01,2026-02-07,SGD,4702250.34,Pending
K75,DepositContract,DB1,C18,2022-04-13,2024-07-31,SGD,2514248.05,Closed
K77,CreditFacility,DB3,C22,2024-02-23,2025-10-29,EUR,8815167.8,Pending
K78,LoanContract,DB5,C13,2022-05-08,2025-12-16,USD,2489424.9,Closed
K79,DepositContract,DB4,C42,2024-02-26,2027-10-05,SGD,4536928.04,Active
K80,DepositContract,DB4,C45,2020-10-16,2022-12-07,GBP,3131439.7,Pending
K81,CreditFacility,DB4,C48,2023-02-20,2026-04-14,JPY,3374833.84,Pending
K82,CreditFacility,DB3,C15,2023-11-10,2025-11-13,USD,7240714.88,Closed
K83,DepositContract,DB2,C14,2021-01-06,2025-09-03,SGD,2837346.31,Pending
K84,CreditFacility,DB1,C13,2024-06-17,2028-04-19,EUR,2352083.32,Active
K85,DepositContract,DB3,C3,2022-07-28,2023-02-21,USD,5578253.77,Pending
K87,DepositContract,DB1,C17,2023-09-30,2026-02-23,SGD,1229462.69,Active
K88,LoanContract,DB5,C41,2023-05-29,2026-08-28,USD,1602097.37,Pending
K89,DepositContract,DB1,C36,2022-08-01,2023-07-21,SGD,6102544.75,Pending
K91,LoanContract,DB5,C48,2022-08-06,2026-04-11,USD,9481142.98,Active
K92,LoanContract,DB2,C16,2021-10-17,2023-10-08,GBP,5564723.23,Active
K95,LoanContract,DB5,C15,2021-09-06,2024-07-22,GBP,9093273.31,Active
K96,DepositContract,DB3,C39,2020-08-09,2021-06-07,JPY,9219806.04,Closed
K97,CreditFacility,DB4,C18,2021-01-21,2024-03-05,JPY,5445817.47,Closed
K98,LoanContract,DB4,C48,2020-09-06,2024-07-11,EUR,6076765.05,Active
K99,LoanContract,DB3,C37,2020-10-10,2022-07-20,USD,7654779.14,Active
K101,CreditFacility,DB4,C22,2020-10-10,2023-11-26,EUR,6734321.74,Active
K103,LoanContract,DB3,C17,2020-04-24,2023-05-10,EUR,1247623.85,Closed
K107,LoanContract,DB5,C27,2021-05-07,2023-08-01,USD,2324536.53,Active
K108,DepositContract,DB4,C46,2023-12-04,2025-01-27,EUR,5137832.95,Closed
K110,DepositContract,DB1,C18,2024-04-28,2028-12-31,SGD,3464764.91,Pending
K111,CreditFacility,DB3,C38,2022-04-10,2022-10-12,JPY,9989133.1,Closed
K113,DepositContract,DB2,C37,2023-11-15,2026-03-03,SGD,2412268.22,Closed
K115,CreditFacility,DB1,C29,2021-01-27,2024-05-19,USD,5306915.76,Closed
K116,DepositContract,DB4,C42,2020-02-17,2024-09-02,GBP,840799.66,Closed
K118,LoanContract,DB5,C5,2024-02-25,2027-09-05,GBP,6348494.07,Closed
K119,LoanContract,DB4,C7,2021-12-07,2026-08-12,USD,4492417.66,Pending
K120,LoanContract,DB3,C4,2022-07-19,2023-03-15,EUR,3648787.09,Closed
K122,DepositContract,DB4,C38,2023-04-03,2027-03-22,GBP,2398665.6,Pending
K123,CreditFacility,DB1,C30,2022-02-28,2025-03-25,EUR,6808347.77,Active
K124,CreditFacility,DB5,C20,2020-08-17,2023-08-06,SGD,6934103.77,Closed
K126,CreditFacility,DB1,C43,2024-11-20,2027-01-14,SGD,2817355.76,Pending
K128,DepositContract,DB5,C17,2021-11-11,2025-12-03,GBP,6319656.23,Pending
K131,CreditFacility,DB2,C17,2024-07-07,2027-10-27,SGD,9677102.35,Closed
K133,CreditFacility,DB1,C26,2023-05-19,2026-12-30,USD,2718139.93,Active
K134,CreditFacility,DB5,C25,2023-11-13,2026-06-04,EUR,1172626.41,Active
K135,CreditFacility,DB5,C15,2024-01-04,2024-08-22,USD,6390498.83,Closed
K137,LoanContract,DB2,C35,2024-03-10,2025-05-01,GBP,3947593.73,Closed
K138,DepositContract,DB4,C42,2024-08-05,2027-06-09,USD,8353561.52,Pending
K139,LoanContract,DB3,C14,2023-06-21,2025-07-12,SGD,4502489.01,Active
K140,CreditFacility,DB5,C42,2023-01-31,2024-02-18,EUR,699445.88,Closed
K142,CreditFacility,DB2,C9,2020-03-07,2020-12-15,JPY,2131535.19,Pending
K143,DepositContract,DB2,C22,2021-10-05,2025-07-16,GBP,7907573.17,Pending
K144,DepositContract,DB2,C35,2020-01-09,2022-01-25,EUR,8005286.85,Active
K145,LoanContract,DB3,C16,2020-03-21,2021-06-13,JPY,3305337.47,Active
K146,DepositContract,DB4,C34,2022-04-04,2023-01-16,USD,7482086.22,Closed
K147,CreditFacility,DB5,C38,2023-10-24,2028-08-31,USD,4574853.66,Active
K148,CreditFacility,DB4,C42,2020-05-14,2024-12-08,USD,702171.53,Closed
K149,LoanContract,DB4,C46,2023-06-01,2026-04-19,SGD,827558.09,Active
K150,DepositContract,DB1,C9,2022-09-27,2026-08-22,EUR,6280743.19,Pending
K151,CreditFacility,DB4,C39,2024-08-30,2029-02-23,JPY,3019487.68,Pending
K152,LoanContract,DB5,C47,2023-08-29,2024-09-15,GBP,4357692.42,Active
K154,DepositContract,DB4,C5,2022-03-02,2024-10-03,USD,8334541.7,Active
K155,CreditFacility,DB2,C36,2023-09-03,2024-09-14,USD,5906004.32,Pending
K156,LoanContract,DB4,C23,2024-10-11,2027-02-13,SGD,8694112.27,Pending
K157,CreditFacility,DB3,C7,2020-06-08,2022-07-17,JPY,5123384.21,Active
K158,LoanContract,DB3,C36,2024-02-07,2025-11-07,EUR,1237364.6,Closed
K160,CreditFacility,DB1,C12,2024-09-25,2025-05-16,EUR,7056717.85,Closed
K161,LoanContract,DB2,C10,2022-11-21,2025-05-07,JPY,6607711.88,Active
K162,LoanContract,DB1,C48,2021-03-16,2025-11-07,JPY,2229815.51,Closed
K163,DepositContract,DB3,C20,2023-11-10,2026-04-06,EUR,7790672.64,Pending
K164,DepositContract,DB2,C49,2020-09-20,2021-07-04,JPY,592648.68,Active
K166,CreditFacility,DB4,C8,2024-05-10,2025-06-27,EUR,6814357.14,Pending
K167,CreditFacility,DB1,C15,2024-02-20,2027-08-02,SGD,9846012.02,Active
K168,CreditFacility,DB2,C50,2020-01-24,2021-09-13,GBP,7665192.87,Closed
K169,LoanContract,DB4,C48,2022-10-16,2023-12-15,SGD,1839378.54,Closed
K170,DepositContract,DB5,C36,2024-07-12,2028-12-19,EUR,813547.42,Pending
K171,LoanContract,DB4,C5,2020-05-11,2023-04-19,EUR,5800015.69,Pending
K175,CreditFacility,DB2,C5,2022-11-20,2024-08-14,JPY,6368924.2,Pending
K176,CreditFacility,DB3,C47,2024-05-03,2025-12-01,GBP,2439061.6,Active
K177,DepositContract,DB5,C10,2022-03-06,2023-10-11,USD,1853746.68,Pending
K180,LoanContract,DB3,C30,2020-06-23,2022-12-10,SGD,472311.73,Closed
K181,LoanContract,DB5,C39,2022-06-10,2023-05-13,JPY,3906376.52,Pending
K182,LoanContract,DB4,C37,2024-09-18,2029-08-24,GBP,3283114.95,Closed
K183,LoanContract,DB4,C7,2024-04-06,2025-08-07,EUR,9825617.25,Active
K184,DepositContract,DB1,C16,2024-04-16,2028-05-28,SGD,9910761.62,Pending
K185,DepositContract,DB3,C24,2024-06-12,2028-05-10,EUR,3935423.94,Closed
K186,CreditFacility,DB1,C22,2020-06-11,2025-05-12,USD,5623835.8,Closed
K187,DepositContract,DB3,C6,2022-06-01,2024-04-27,JPY,6669759.85,Closed
K189,LoanContract,DB4,C33,2022-10-17,2024-01-01,EUR,280482.32,Closed
K190,CreditFacility,DB4,C13,2021-07-14,2023-03-24,GBP,9999768.55,Active
K191,LoanContract,DB5,C50,2020-08-27,2022-10-21,JPY,8367686.28,Pending
K192,CreditFacility,DB5,C9,2020-04-27,2024-07-10,JPY,3829526.72,Active
K193,DepositContract,DB4,C3,2021-07-15,2025-11-29,SGD,3706564.2,Pending
K194,CreditFacility,DB4,C15,2022-01-07,2024-12-31,JPY,2467768.12,Closed
K196,DepositContract,DB2,C39,2024-06-26,2027-04-29,GBP,8742719.01,Active
K197,LoanContract,DB5,C8,2024-02-02,2026-08-30,EUR,930363.74,Active
K198,DepositContract,DB4,C6,2022-04-27,2025-05-01,GBP,8185362.23,Closed
K199,LoanContract,DB4,C33,2020-03-23,2023-01-16,EUR,2434202.93,Active
K200,LoanContract,DB3,C7,2023-03-10,2024-12-08,EUR,7934668.31,Active
K202,CreditFacility,DB2,C10,2020-09-03,2021-04-09,JPY,9408236.9,Pending
K203,LoanContract,DB3,C16,2024-06-27,2027-05-09,EUR,1306298.62,Active
K205,DepositContract,DB2,C19,2024-05-20,2028-02-06,SGD,115486.93,Closed
K207,LoanContract,DB4,C31,2020-07-29,2024-01-07,USD,6393140.84,Closed
K208,LoanContract,DB3,C5,2022-02-27,2026-11-03,EUR,2487146.65,Pending
K209,CreditFacility,DB2,C3,2020-11-18,2025-09-13,EUR,5505536.08,Pending
K211,CreditFacility,DB2,C3,2023-11-22,2024-08-03,GBP,8869324.82,Closed
K213,CreditFacility,DB1,C42,2021-08-16,2023-09-20,EUR,2804844.4,Closed
K215,CreditFacility,DB1,C47,2023-02-15,2028-02-01,SGD,881377.36,Pending
K216,CreditFacility,DB3,C7,2021-07-14,2025-01-31,USD,3346407.06,Closed
K219,DepositContract,DB1,C10,2023-06-16,2025-12-26,JPY,6813079.83,Closed
K220,LoanContract,DB2,C50,2020-04-18,2021-06-30,EUR,3685290.77,Pending
K221,DepositContract,DB4,C24,2020-04-10,2024-02-28,EUR,4494998.96,Active
K222,CreditFacility,DB4,C21,2024-11-18,2026-02-22,EUR,2571155.37,Active
K223,DepositContract,DB4,C34,2020-03-21,2024-11-01,SGD,9144070.81,Active
K224,CreditFacility,DB4,C14,2022-03-24,2027-01-24,JPY,2927211.09,Closed
K225,DepositContract,DB1,C29,2021-09-13,2022-11-18,GBP,8996922.4,Closed
K226,CreditFacility,DB3,C46,2020-09-29,2025-01-22,USD,5544971.76,Closed
K227,DepositContract,DB3,C33,2022-07-20,2023-12-04,GBP,1301488.31,Active
K229,LoanContract,DB1,C20,2024-09-09,2025-11-28,SGD,9995990.93,Pending
K232,DepositContract,DB4,C33,2024-12-31,2026-07-06,USD,8330768.98,Pending
K233,DepositContract,DB2,C21,2021-04-20,2023-07-01,GBP,3525628.52,Pending
K234,CreditFacility,DB2,C41,2022-06-01,2023-05-08,JPY,2817065.23,Pending
K235,LoanContract,DB5,C42,2022-07-29,2026-07-06,GBP,5958903.61,Pending
K236,CreditFacility,DB5,C3,2021-04-24,2022-10-06,USD,904106.26,Pending
K237,DepositContract,DB5,C27,2024-11-26,2026-11-18,JPY,6426012.8,Closed
K238,CreditFacility,DB4,C16,2024-08-22,2026-10-04,SGD,3044595.33,Active
K240,CreditFacility,DB3,C26,2021-03-22,2023-06-20,GBP,7630583.45,Pending
K241,CreditFacility,DB2,C30,2024-10-10,2025-11-11,USD,2747969.58,Active
K242,LoanContract,DB3,C25,2021-03-13,2022-03-26,JPY,4239533.96,Active
K243,CreditFacility,DB2,C49,2022-10-14,2026-07-08,GBP,5032828.87,Pending
K244,CreditFacility,DB4,C2,2023-12-21,2027-04-05,USD,9457804.76,Pending
K245,DepositContract,DB5,C23,2023-11-21,2025-09-24,USD,600350.01,Closed
K246,LoanContract,DB1,C28,2024-01-02,2026-02-05,GBP,8836311.74,Pending
K248,CreditFacility,DB1,C25,2021-08-27,2024-03-06,JPY,4558508.37,Pending
K249,LoanContract,DB2,C7,2022-05-19,2026-05-14,SGD,3794663.53,Closed
K250,DepositContract,DB2,C39,2024-09-29,2027-04-15,JPY,4073732.13,Active
K251,DepositContract,DB3,C31,2020-05-20,2021-02-03,JPY,4624186.74,Pending
K252,CreditFacility,DB5,C21,2024-05-20,2025-08-29,GBP,3990250.42,Pending
K253,CreditFacility,DB5,C33,2022-07-18,2026-05-13,JPY,4949481.86,Pending
K254,LoanContract,DB3,C22,2022-07-20,2025-09-14,USD,9800990.51,Pending
K255,LoanContract,DB5,C31,2022-08-13,2027-07-29,EUR,9673999.89,Pending
K256,LoanContract,DB5,C31,2024-11-29,2026-09-06,GBP,5289900.09,Pending
K257,DepositContract,DB1,C37,2023-03-27,2024-07-21,USD,1988764.85,Closed
K258,DepositContract,DB4,C45,2022-09-01,2025-07-04,GBP,4162736.35,Pending
K259,LoanContract,DB2,C34,2024-01-05,2028-08-17,GBP,5652779.05,Pending
K261,CreditFacility,DB5,C31,2024-08-24,2027-02-15,GBP,9577640.22,Closed
K262,DepositContract,DB3,C50,2024-09-29,2026-11-29,EUR,7078519.27,Pending
K266,CreditFacility,DB2,C7,2022-04-22,2025-12-13,JPY,7434820.67,Active
K267,DepositContract,DB2,C4,2022-01-23,2022-11-02,USD,4191683.52,Pending
K268,DepositContract,DB1,C36,2024-01-07,2025-01-26,GBP,4128383.77,Closed
K269,DepositContract,DB3,C21,2024-01-23,2028-03-14,EUR,6494389.39,Active
K270,LoanContract,DB2,C27,2024-11-18,2026-09-04,GBP,9345833.84,Active
K272,LoanContract,DB3,C19,2022-07-16,2026-03-20,SGD,9892084.75,Pending
K273,DepositContract,DB5,C30,2024-06-17,2027-09-21,EUR,2008832.84,Active
K275,DepositContract,DB2,C40,2022-07-05,2026-03-08,SGD,8287199.27,Pending
K278,LoanContract,DB3,C42,2024-12-14,2029-07-01,EUR,6958409.05,Active
K279,CreditFacility,DB2,C26,2021-01-02,2024-02-09,JPY,9238749.54,Pending
K280,LoanContract,DB3,C24,2022-08-24,2027-01-03,JPY,2286407.48,Active
K282,DepositContract,DB2,C44,2024-07-28,2029-07-24,JPY,8744037.08,Active
K283,CreditFacility,DB1,C37,2024-06-20,2027-06-19,USD,711404.67,Pending
K284,DepositContract,DB2,C21,2024-04-19,2025-12-04,JPY,4474221.47,Pending
K287,LoanContract,DB4,C17,2022-08-15,2027-03-03,USD,7483464.38,Pending
K289,LoanContract,DB3,C27,2020-08-02,2023-09-22,GBP,7712823.42,Pending
K291,CreditFacility,DB1,C12,2024-08-02,2025-10-28,JPY,3991280.45,Active
K292,LoanContract,DB3,C30,2021-11-22,2022-05-28,JPY,4298867.49,Closed
K295,LoanContract,DB4,C39,2020-11-09,2024-09-05,USD,2522868.1,Active
K296,DepositContract,DB5,C14,2023-06-03,2026-05-16,USD,1487342.19,Closed
K297,CreditFacility,DB5,C39,2021-12-28,2026-08-02,EUR,2445349.94,Active
K300,CreditFacility,DB4,C27,2023-03-30,2028-02-21,GBP,3068896.09,Active
K301,DepositContract,DB2,C20,2024-07-29,2027-09-21,GBP,8077183.98,Active
K303,LoanContract,DB4,C24,2021-09-23,2024-01-27,USD,5402791.81,Active
K305,DepositContract,DB4,C14,2024-12-30,2029-07-20,EUR,3101561.45,Active
K306,LoanContract,DB4,C16,2021-10-20,2023-05-12,JPY,7067308.97,Closed
K307,CreditFacility,DB3,C25,2022-01-13,2025-08-15,SGD,5383136.26,Closed
K308,CreditFacility,DB5,C32,2022-08-16,2024-07-31,SGD,1076221.49,Pending
K309,CreditFacility,DB2,C24,2023-12-29,2028-10-02,EUR,4197908.69,Pending
K310,DepositContract,DB1,C17,2021-11-18,2026-07-13,JPY,9354106.68,Pending
K311,DepositContract,DB2,C22,2023-07-21,2025-09-12,GBP,3860413.77,Active
K312,CreditFacility,DB3,C49,2024-03-31,2027-10-29,SGD,9668431.85,Pending
K313,DepositContract,DB3,C11,2024-03-04,2027-04-01,GBP,7231103.95,Closed
K314,LoanContract,DB5,C3,2021-07-25,2025-02-04,USD,9457362.3,Pending
K315,LoanContract,DB4,C9,2020-05-30,2025-03-10,GBP,772882.62,Active
K318,CreditFacility,DB5,C19,2020-02-21,2023-08-08,USD,5071938.72,Pending
K319,LoanContract,DB1,C34,2023-08-30,2025-02-27,GBP,2485591.44,Pending
K320,CreditFacility,DB3,C26,2024-06-23,2026-05-20,USD,3793210.68,Closed
K321,DepositContract,DB2,C20,2023-11-27,2027-07-26,USD,6571983.62,Pending
K323,DepositContract,DB1,C32,2020-01-30,2024-07-06,SGD,6484581.7,Closed
K324,LoanContract,DB2,C14,2024-10-24,2025-11-03,JPY,4807452.85,Active
K325,CreditFacility,DB5,C37,2020-08-18,2024-12-16,USD,1875609.58,Closed
K326,DepositContract,DB4,C5,2020-02-18,2021-10-14,EUR,1708257.48,Active
K327,CreditFacility,DB4,C49,2024-10-26,2027-06-29,GBP,7925931.04,Pending
K328,CreditFacility,DB1,C7,2020-08-31,2023-12-19,SGD,2398225.64,Active
K330,CreditFacility,DB5,C25,2024-03-04,2025-12-11,SGD,1938804.67,Pending
K331,CreditFacility,DB2,C46,2023-03-26,2024-03-15,USD,912176.3,Active
K332,DepositContract,DB4,C21,2023-03-26,2027-09-18,EUR,1154854.09,Active
K333,CreditFacility,DB3,C7,2022-08-15,2025-08-09,GBP,964242.6,Closed
K335,LoanContract,DB3,C27,2022-10-04,2025-05-29,SGD,7813774.15,Pending
K336,DepositContract,DB4,C11,2024-10-04,2026-08-12,GBP,2762297.74,Closed
K337,LoanContract,DB2,C28,2024-03-12,2025-07-03,EUR,4268913.16,Closed
K338,CreditFacility,DB2,C47,2020-08-26,2023-03-03,SGD,5978683.34,Active
K339,DepositContract,DB3,C1,2023-11-23,2024-12-26,SGD,3388950.43,Pending
K341,CreditFacility,DB2,C26,2021-09-16,2024-11-20,EUR,2985336.7,Pending
K342,DepositContract,DB3,C25,2024-03-05,2027-11-24,EUR,8183295.7,Closed
K343,DepositContract,DB5,C35,2023-02-08,2024-03-27,GBP,6848955.07,Pending
K348,DepositContract,DB3,C11,2020-09-21,2021-10-29,JPY,538537.27,Pending
K349,CreditFacility,DB4,C7,2023-05-26,2028-02-10,USD,1076204.93,Active
K350,DepositContract,DB4,C24,2024-05-05,2029-01-08,SGD,4684325.76,Pending
K351,CreditFacility,DB1,C31,2024-04-03,2025-08-04,USD,3024778.98,Active
K352,DepositContract,DB3,C20,2020-12-26,2025-07-28,EUR,4607793.09,Active
K353,CreditFacility,DB4,C7,2024-06-07,2027-08-20,SGD,7247740.04,Closed
K354,CreditFacility,DB1,C46,2022-09-17,2023-07-31,USD,323592.64,Closed
K355,DepositContract,DB2,C34,2020-12-05,2025-03-20,GBP,5563911.87,Closed
K357,LoanContract,DB5,C13,2023-09-04,2026-05-21,SGD,5962811.27,Closed
K358,DepositContract,DB2,C18,2020-01-14,2024-06-24,USD,5815744.26,Pending
K359,CreditFacility,DB2,C30,2021-08-03,2024-02-18,USD,2697298.61,Closed
K360,CreditFacility,DB5,C25,2024-06-27,2028-07-24,JPY,3986185.66,Active
K362,DepositContract,DB3,C8,2020-09-20,2024-12-24,GBP,3123262.03,Active
K363,DepositContract,DB5,C25,2023-03-05,2027-07-22,SGD,6004615.59,Pending
K364,DepositContract,DB4,C41,2023-04-07,2026-02-16,JPY,6964985.97,Pending
K365,DepositContract,DB4,C19,2021-06-22,2025-01-28,GBP,1952275.94,Closed
K366,LoanContract,DB4,C9,2020-06-15,2022-12-17,GBP,8170637.81,Pending
K368,LoanContract,DB5,C2,2024-02-27,2025-08-02,GBP,2991690.1,Closed
K369,CreditFacility,DB2,C50,2021-11-29,2025-06-02,SGD,5699939.57,Closed
K370,LoanContract,DB5,C8,2024-09-03,2028-01-12,EUR,7773618.98,Closed
K371,LoanContract,DB4,C35,2024-08-11,2029-05-06,GBP,9898779.71,Active
K372,LoanContract,DB4,C17,2022-02-08,2024-04-07,EUR,8635776.29,Active
K373,DepositContract,DB2,C48,2023-09-26,2024-11-19,JPY,6922422.51,Pending
K374,DepositContract,DB2,C14,2023-08-23,2025-01-23,USD,5743736.01,Pending
K375,DepositContract,DB3,C46,2022-05-23,2026-03-25,EUR,2964399.11,Closed
K376,LoanContract,DB2,C49,2024-05-17,2028-09-04,SGD,9195810.25,Closed
K377,DepositContract,DB2,C10,2021-01-29,2025-07-03,EUR,8301969.85,Pending
K378,DepositContract,DB5,C41,2023-05-05,2026-07-30,EUR,6315346.93,Closed
K379,LoanContract,DB4,C33,2023-11-05,2024-10-04,EUR,6977565.8,Closed
K380,CreditFacility,DB5,C1,2023-11-13,2027-02-04,USD,7336226.18,Closed
K382,DepositContract,DB5,C32,2022-05-31,2024-10-18,EUR,8952131.11,Active
K384,DepositContract,DB3,C11,2023-08-22,2025-04-07,EUR,1024065.85,Closed
K385,CreditFacility,DB2,C4,2022-02-16,2023-01-30,SGD,6293482.31,Pending
K386,LoanContract,DB1,C1,2021-12-28,2024-11-21,GBP,4820386.41,Active
K388,LoanContract,DB2,C25,2021-02-14,2024-04-17,USD,7334557.48,Active
K389,CreditFacility,DB3,C9,2020-11-16,2023-02-15,SGD,7757258.79,Active
K390,LoanContract,DB5,C42,2021-03-19,2022-02-02,GBP,4456984.27,Pending
K391,DepositContract,DB4,C40,2021-10-23,2025-10-28,SGD,8613628.99,Active
K392,LoanContract,DB5,C47,2020-11-08,2022-02-17,SGD,3580202.84,Closed
K393,DepositContract,DB2,C18,2022-09-04,2027-08-09,USD,2556853.57,Pending
K394,LoanContract,DB3,C14,2022-06-04,2027-04-14,JPY,6108576.01,Active
K395,LoanContract,DB2,C32,2023-05-02,2025-06-25,SGD,1216162.26,Closed
K396,LoanContract,DB3,C21,2020-08-08,2024-01-21,GBP,3929698.66,Pending
K397,DepositContract,DB4,C50,2023-07-31,2026-02-13,USD,265225.08,Active
K398,DepositContract,DB1,C4,2020-02-12,2022-01-28,SGD,5115444.98,Pending
K400,DepositContract,DB3,C6,2024-07-28,2028-07-08,EUR,882313.46,Active
K401,CreditFacility,DB4,C38,2021-04-27,2024-10-26,USD,3170677.98,Closed
K402,DepositContract,DB1,C28,2022-01-11,2022-11-05,USD,4588381.24,Pending
K403,DepositContract,DB1,C1,2020-06-19,2022-09-10,GBP,7044846.15,Active
K404,CreditFacility,DB2,C24,2024-03-22,2026-08-29,GBP,7522786.2,Closed
K405,LoanContract,DB3,C28,2021-01-01,2025-10-26,EUR,5286156.69,Closed
K406,LoanContract,DB4,C30,2024-11-26,2028-11-30,JPY,3665226.57,Closed
K407,CreditFacility,DB2,C17,2024-10-27,2026-04-01,USD,8953257.36,Pending
K408,LoanContract,DB1,C1,2020-12-24,2022-10-02,GBP,555217.15,Closed
K409,DepositContract,DB1,C36,2023-04-04,2024-08-03,SGD,2322701.61,Active
K410,CreditFacility,DB3,C5,2023-07-17,2028-01-27,JPY,3790800.85,Pending
K411,DepositContract,DB5,C3,2020-06-12,2021-12-11,SGD,782371.73,Closed
K412,CreditFacility,DB3,C6,2022-05-27,2027-03-26,JPY,4621787.14,Closed
K413,CreditFacility,DB5,C16,2021-09-15,2023-11-01,SGD,3745908.91,Closed
K414,DepositContract,DB2,C1,2021-08-30,2026-04-06,SGD,336711.53,Pending
K415,LoanContract,DB3,C1,2022-12-12,2027-01-02,SGD,8505159.28,Pending
K416,DepositContract,DB5,C16,2022-08-13,2023-09-09,SGD,4971085.88,Active
K417,CreditFacility,DB1,C3,2021-03-18,2025-09-10,GBP,8983145.97,Pending
K418,CreditFacility,DB4,C48,2023-07-07,2027-12-08,USD,5849629.21,Pending
K420,CreditFacility,DB3,C21,2021-02-10,2022-12-06,SGD,7037183.5,Pending
K422,DepositContract,DB1,C11,2024-12-21,2026-01-28,SGD,4713945.61,Closed
K423,CreditFacility,DB2,C29,2021-01-10,2024-07-10,EUR,4687131.29,Active
K424,CreditFacility,DB5,C3,2020-10-07,2022-02-21,GBP,8375655.03,Closed
K425,DepositContract,DB3,C26,2021-04-05,2022-04-06,JPY,584611.11,Closed
K426,LoanContract,DB4,C29,2022-03-19,2023-09-06,JPY,7505976.63,Active
K427,LoanContract,DB2,C8,2020-10-21,2023-11-21,USD,710524.93,Active
K429,LoanContract,DB2,C42,2020-08-20,2021-04-01,SGD,8112056.79,Active
K430,LoanContract,DB4,C4,2022-10-27,2023-12-31,GBP,9248904.08,Closed
K431,LoanContract,DB4,C44,2023-05-12,2026-08-20,SGD,1810791.4,Active
K432,CreditFacility,DB4,C10,2021-08-04,2023-08-17,USD,6179655.12,Pending
K433,CreditFacility,DB4,C27,2022-02-02,2026-03-18,JPY,4842406.21,Active
K434,DepositContract,DB4,C13,2022-05-19,2025-01-07,JPY,2566562.78,Pending
K435,CreditFacility,DB4,C35,2020-03-01,2022-10-20,SGD,3505937.79,Pending
K437,CreditFacility,DB1,C31,2020-04-01,2025-02-08,JPY,3638585.64,Pending
K438,LoanContract,DB2,C43,2021-12-24,2023-05-14,GBP,2738617.31,Pending
K439,DepositContract,DB5,C25,2020-06-22,2025-04-01,EUR,9358539.72,Active
K440,CreditFacility,DB3,C38,2021-07-01,2023-04-26,USD,7064183.54,Closed
K441,DepositContract,DB5,C13,2024-10-29,2028-06-24,SGD,5467033.56,Active
K442,LoanContract,DB1,C15,2024-03-03,2024-11-15,JPY,2266208.52,Pending
K443,CreditFacility,DB5,C13,2024-01-25,2024-07-24,GBP,3473514.54,Active
K444,LoanContract,DB2,C38,2022-10-02,2023-07-30,GBP,7766228.34,Pending
K445,CreditFacility,DB4,C38,2023-02-07,2024-01-01,USD,3431954.6,Closed
K447,DepositContract,DB4,C20,2023-01-13,2024-10-11,EUR,1360748.81,Pending
K449,LoanContract,DB4,C10,2021-11-17,2025-12-15,EUR,7478898.95,Active
K450,DepositContract,DB1,C46,2022-12-13,2025-03-26,EUR,4521636.35,Closed
K451,LoanContract,DB3,C17,2021-10-13,2023-09-04,USD,7232094.52,Active
K453,LoanContract,DB4,C37,2024-08-23,2027-03-29,GBP,1710299.47,Active
K454,LoanContract,DB3,C17,2020-04-13,2022-06-05,USD,834583.98,Active
K455,LoanContract,DB5,C6,2023-03-12,2024-08-02,EUR,5980902.39,Pending
K456,LoanContract,DB4,C42,2024-02-08,2028-07-18,GBP,6112444.49,Closed
K457,LoanContract,DB3,C14,2021-05-03,2022-02-16,GBP,4151870.67,Pending
K458,CreditFacility,DB3,C16,2024-08-05,2026-07-29,USD,591390.89,Pending
K459,DepositContract,DB1,C24,2024-09-03,2027-12-02,USD,4333298.98,Closed
K460,LoanContract,DB1,C14,2024-02-01,2025-09-11,GBP,6418087.52,Active
K461,CreditFacility,DB4,C31,2024-01-11,2025-03-02,SGD,8959287.09,Closed
K464,LoanContract,DB1,C43,2020-07-10,2021-11-11,EUR,8100983.56,Closed
K465,LoanContract,DB4,C34,2021-12-07,2025-07-12,SGD,9659714.27,Pending
K466,DepositContract,DB4,C20,2024-01-15,2027-09-28,USD,4008563.22,Pending
K467,DepositContract,DB1,C49,2020-04-17,2023-08-08,SGD,1811501.83,Active
K468,DepositContract,DB1,C28,2021-10-20,2023-05-17,USD,9883971.37,Closed
K469,DepositContract,DB5,C17,2021-09-19,2025-09-22,EUR,9116964.41,Active
K472,LoanContract,DB1,C37,2024-12-15,2029-09-13,USD,7878881.74,Pending
K473,CreditFacility,DB4,C42,2022-12-04,2025-09-20,SGD,5763030.07,Closed
K474,CreditFacility,DB4,C10,2020-04-26,2021-10-10,JPY,6125687.11,Pending
K476,LoanContract,DB3,C20,2022-04-14,2024-11-11,EUR,2875431.87,Closed
K477,DepositContract,DB3,C48,2020-11-01,2022-08-09,SGD,7762905.91,Closed
K481,DepositContract,DB1,C16,2021-06-23,2023-01-18,USD,4618841.8,Closed
K482,CreditFacility,DB4,C33,2021-09-10,2023-09-21,SGD,6390557.11,Active
K483,CreditFacility,DB4,C39,2020-04-04,2022-02-08,SGD,1858078.57,Closed
K484,CreditFacility,DB3,C11,2024-12-28,2028-07-29,EUR,7514715.23,Pending
K485,LoanContract,DB4,C4,2020-10-07,2022-11-09,GBP,8552831.13,Active
K486,DepositContract,DB2,C18,2021-11-18,2026-01-01,SGD,5181484.21,Pending
K487,DepositContract,DB2,C39,2020-01-28,2023-03-23,USD,2315323.31,Pending
K488,CreditFacility,DB4,C25,2022-08-07,2027-02-01,EUR,4644080.39,Active
K490,CreditFacility,DB3,C44,2023-03-08,2026-10-27,USD,4869210.35,Closed
K491,CreditFacility,DB3,C17,2022-05-09,2026-06-08,EUR,1964764.8,Pending
K493,CreditFacility,DB4,C26,2024-03-25,2026-05-19,SGD,7393647.75,Pending
K494,CreditFacility,DB2,C44,2024-11-12,2026-06-03,JPY,6419304.54,Closed
K495,CreditFacility,DB2,C43,2023-01-18,2026-05-20,JPY,1893244.99,Active
K496,CreditFacility,DB5,C49,2024-01-02,2025-03-19,GBP,9474541.46,Closed
K497,CreditFacility,DB2,C48,2020-10-04,2022-07-01,EUR,4262678.43,Closed
K498,CreditFacility,DB4,C8,2023-02-28,2025-02-10,SGD,631401.85,Pending
K499,LoanContract,DB4,C13,2024-12-18,2028-09-16,JPY,1286177.78,Pending
K500,CreditFacility,DB4,C4,2023-03-31,2026-09-16,GBP,1459916.07,Active
K502,DepositContract,DB3,C41,2022-10-30,2026-11-10,USD,146663.66,Closed
K503,DepositContract,DB5,C49,2021-10-12,2026-07-16,GBP,4946813.2,Active
K505,DepositContract,DB3,C1,2020-01-15,2020-09-28,EUR,7592792.61,Pending
K506,LoanContract,DB2,C15,2021-08-15,2022-03-19,EUR,3189713.38,Active
K507,CreditFacility,DB2,C5,2023-04-06,2026-07-29,USD,3052202.31,Closed
K508,CreditFacility,DB4,C44,2023-11-17,2028-06-13,GBP,3493055.11,Closed
K509,DepositContract,DB2,C26,2023-01-21,2027-10-03,USD,2361341.02,Pending
K510,LoanContract,DB5,C33,2021-02-11,2022-10-16,GBP,1319303.62,Pending
K511,CreditFacility,DB5,C40,2020-04-26,2022-11-30,USD,5979848.27,Active
K512,LoanContract,DB1,C45,2020-12-01,2025-01-27,USD,4226078.1,Closed
K513,CreditFacility,DB4,C45,2021-01-18,2024-08-10,GBP,2134399.67,Pending
K515,LoanContract,DB5,C47,2021-03-02,2024-01-03,JPY,1265572.23,Active
K516,DepositContract,DB5,C13,2020-11-26,2024-03-09,EUR,8331838.32,Active
K518,DepositContract,DB1,C1,2024-02-02,2026-06-08,USD,9078112.44,Pending
K519,LoanContract,DB5,C5,2024-03-15,2025-07-13,USD,9057315.9,Pending
K520,CreditFacility,DB3,C30,2021-12-19,2025-01-07,USD,1088108.26,Active
K521,CreditFacility,DB3,C28,2020-05-02,2022-06-16,USD,1040484.86,Active
K522,DepositContract,DB3,C23,2020-01-31,2021-05-08,SGD,9555382.65,Closed
K523,CreditFacility,DB2,C8,2020-10-15,2023-05-16,SGD,4062477.24,Closed
K525,LoanContract,DB4,C38,2020-07-01,2021-11-19,SGD,8042421.36,Pending
K528,DepositContract,DB3,C34,2022-09-03,2023-03-27,JPY,6913592.27,Pending
K529,DepositContract,DB4,C23,2020-10-22,2023-09-23,SGD,1571679.08,Pending
K530,DepositContract,DB5,C31,2020-06-18,2021-01-07,SGD,8707214.78,Active
K531,DepositContract,DB3,C18,2024-03-07,2026-06-21,USD,5118600.39,Pending
K532,DepositContract,DB1,C30,2023-03-22,2025-12-21,SGD,8032486.75,Closed
K535,DepositContract,DB4,C22,2022-08-04,2025-12-07,EUR,8270578.81,Active
K537,CreditFacility,DB3,C41,2021-11-19,2022-05-22,EUR,5522136.76,Closed
K538,DepositContract,DB4,C9,2020-11-26,2021-08-26,SGD,1158918.9,Pending
K539,LoanContract,DB4,C14,2021-08-31,2023-03-18,SGD,8263086.02,Active
K541,DepositContract,DB4,C1,2023-11-22,2028-01-28,JPY,7388517.91,Pending
K544,DepositContract,DB3,C26,2023-07-24,2027-06-20,EUR,9707867.33,Closed
K546,DepositContract,DB2,C14,2024-08-28,2026-11-28,JPY,7172406.9,Pending
K547,DepositContract,DB2,C33,2022-12-08,2027-03-14,JPY,6973688.54,Closed
K548,CreditFacility,DB5,C31,2020-12-24,2025-09-27,JPY,5749318.12,Pending
K549,CreditFacility,DB4,C1,2023-07-21,2027-10-28,JPY,1154057.61,Closed
K550,LoanContract,DB2,C18,2021-03-27,2022-01-09,GBP,9836970.7,Pending
K551,LoanContract,DB3,C14,2022-02-17,2023-06-11,JPY,419833.19,Closed
K552,DepositContract,DB5,C25,2020-11-14,2024-10-25,GBP,5158130.81,Pending
K553,LoanContract,DB4,C25,2022-06-12,2026-10-28,SGD,9571349.5,Pending
K554,LoanContract,DB1,C48,2022-08-29,2026-03-31,EUR,2110563.51,Closed
K555,CreditFacility,DB5,C35,2021-12-01,2025-12-17,JPY,2045043.91,Pending
K558,CreditFacility,DB1,C22,2021-05-14,2025-02-18,SGD,7125924.03,Active
K559,CreditFacility,DB5,C4,2020-05-04,2021-09-10,JPY,8447085.81,Closed
K560,CreditFacility,DB1,C46,2024-03-04,2029-02-03,EUR,5301411.17,Active
K561,DepositContract,DB4,C35,2024-06-05,2025-04-20,JPY,4093828.96,Closed
K562,CreditFacility,DB3,C24,2021-11-18,2023-07-27,EUR,2262608.33,Pending
K563,LoanContract,DB1,C43,2024-07-06,2027-09-01,EUR,4512105.74,Pending
K564,CreditFacility,DB4,C8,2022-01-27,2022-10-15,SGD,2640246.51,Pending
K565,CreditFacility,DB5,C33,2022-05-28,2023-01-13,SGD,4919366.62,Closed
K566,LoanContract,DB1,C11,2021-08-21,2023-12-05,JPY,5378737.64,Pending
K567,DepositContract,DB4,C7,2020-07-22,2022-03-25,GBP,5423766.72,Pending
K568,LoanContract,DB2,C2,2023-09-14,2027-10-27,SGD,7196996.01,Active
K569,LoanContract,DB2,C17,2020-09-28,2021-08-24,JPY,797376.71,Active
K571,LoanContract,DB5,C1,2023-04-25,2027-07-31,JPY,726052.15,Pending
K572,LoanContract,DB3,C33,2024-12-24,2025-09-23,USD,2969382.33,Pending
K573,LoanContract,DB3,C49,2022-07-25,2026-06-16,SGD,3875994.39,Pending
K574,DepositContract,DB5,C15,2020-04-05,2023-05-30,GBP,7492863.72,Pending
K575,DepositContract,DB3,C44,2022-07-05,2026-07-22,EUR,9578177.33,Active
K576,DepositContract,DB1,C3,2024-09-15,2028-04-23,USD,5769914.09,Closed
K577,LoanContract,DB3,C14,2024-07-26,2028-02-17,EUR,2196195.73,Pending
K578,DepositContract,DB2,C15,2024-05-11,2025-08-25,JPY,8364008.83,Active
K579,LoanContract,DB5,C30,2020-12-22,2022-06-26,JPY,824131.26,Pending
K580,LoanContract,DB2,C47,2020-07-28,2022-06-21,JPY,4923185.06,Closed
K581,DepositContract,DB1,C19,2023-01-14,2024-03-31,JPY,791107.96,Active
K583,CreditFacility,DB3,C28,2024-10-23,2028-06-24,GBP,147835.64,Active
K586,LoanContract,DB3,C9,2021-06-30,2025-08-10,JPY,2044676.1,Pending
K587,LoanContract,DB1,C33,2020-08-25,2025-03-21,USD,8145159.76,Pending
K588,DepositContract,DB1,C36,2023-06-12,2028-04-01,EUR,5480346.31,Pending
K589,DepositContract,DB3,C26,2024-01-06,2028-03-04,GBP,8925231.68,Pending
K591,DepositContract,DB5,C44,2020-02-02,2024-04-18,GBP,7596340.11,Active
K592,DepositContract,DB5,C37,2023-10-18,2025-03-07,GBP,7385606.11,Closed
K593,DepositContract,DB4,C15,2023-01-19,2023-10-08,USD,2717135.44,Active
K594,DepositContract,DB5,C24,2020-05-13,2024-08-09,SGD,4749774.87,Closed
K595,CreditFacility,DB1,C46,2020-05-24,2021-02-09,JPY,6372313.12,Closed
K596,DepositContract,DB4,C42,2022-03-29,2025-12-23,SGD,3716438.1,Pending
K597,CreditFacility,DB4,C15,2020-08-29,2024-01-19,JPY,4117837.81,Closed
K599,LoanContract,DB5,C42,2021-05-29,2023-03-11,EUR,2194019.33,Active
K600,LoanContract,DB2,C27,2021-05-03,2023-11-10,EUR,7230531.02,Closed
K601,DepositContract,DB5,C11,2024-01-27,2027-04-02,SGD,322215.78,Active
K602,DepositContract,DB2,C41,2021-02-01,2024-10-17,JPY,487989.57,Pending
K603,DepositContract,DB3,C12,2021-04-01,2022-01-20,JPY,9586559.53,Pending
K604,LoanContract,DB3,C6,2024-10-17,2028-11-10,GBP,4547113.28,Closed
K605,DepositContract,DB4,C39,2024-02-05,2025-07-18,GBP,7966699.1,Active
K606,DepositContract,DB3,C30,2024-05-06,2026-04-27,JPY,5946900.31,Active
K607,DepositContract,DB1,C2,2023-03-21,2025-11-14,GBP,5274842.3,Pending
K608,LoanContract,DB2,C31,2023-07-28,2024-11-25,JPY,6038156.59,Pending
K609,LoanContract,DB1,C31,2024-04-12,2028-12-27,GBP,9029649.08,Pending
K611,DepositContract,DB4,C50,2024-07-04,2027-05-28,SGD,3570126.36,Pending
K614,LoanContract,DB5,C1,2024-11-30,2028-05-03,SGD,6580006.6,Pending
K615,CreditFacility,DB1,C10,2022-09-08,2025-06-21,SGD,6550601.75,Closed
K617,DepositContract,DB4,C36,2023-05-19,2028-02-08,JPY,4876430.79,Closed
K619,DepositContract,DB1,C48,2023-05-21,2028-01-01,GBP,4521289.29,Pending
K620,DepositContract,DB5,C26,2021-05-17,2022-06-06,EUR,8028451.96,Pending
K622,LoanContract,DB3,C15,2023-09-14,2024-09-08,EUR,892393.39,Active
K623,CreditFacility,DB5,C4,2023-04-09,2026-01-03,GBP,6438884.01,Closed
K624,CreditFacility,DB2,C3,2020-02-03,2021-09-18,JPY,5154423.72,Pending
K625,DepositContract,DB1,C24,2021-12-20,2025-11-28,GBP,6584689.28,Active
K627,LoanContract,DB1,C36,2024-05-27,2024-12-24,EUR,7288773.23,Pending
K628,CreditFacility,DB3,C15,2024-12-16,2027-05-27,JPY,9634265.68,Closed
K629,LoanContract,DB3,C12,2023-06-09,2027-02-25,SGD,5111757.15,Pending
K630,CreditFacility,DB3,C8,2020-08-12,2023-12-05,JPY,9571422.56,Pending
K633,DepositContract,DB2,C21,2023-04-03,2027-04-19,SGD,9558912.3,Pending
K634,CreditFacility,DB2,C19,2024-07-22,2025-02-06,USD,4049413.3,Pending
K635,DepositContract,DB4,C21,2022-11-28,2023-10-29,EUR,2263804.72,Pending
K636,DepositContract,DB4,C48,2022-04-15,2023-10-21,GBP,2425127.58,Active
K637,DepositContract,DB2,C16,2022-04-04,2023-11-28,JPY,3624671.0,Active
K639,CreditFacility,DB4,C37,2023-02-27,2027-02-17,EUR,4958972.98,Pending
K640,DepositContract,DB5,C9,2022-05-20,2025-02-07,USD,5304780.89,Closed
K641,LoanContract,DB5,C23,2024-01-26,2027-08-05,SGD,8617961.29,Active
K643,LoanContract,DB3,C24,2023-03-24,2026-12-22,JPY,8632236.03,Active
K644,DepositContract,DB3,C31,2024-08-31,2026-08-19,JPY,3496654.96,Active
K645,DepositContract,DB4,C45,2024-03-29,2027-02-10,EUR,3714272.06,Closed
K646,DepositContract,DB5,C9,2022-05-18,2025-05-25,JPY,6891517.93,Active
K648,LoanContract,DB2,C27,2021-04-09,2024-05-31,SGD,1431269.68,Pending
K649,CreditFacility,DB4,C20,2024-05-25,2027-11-19,EUR,5665170.68,Pending
K650,LoanContract,DB2,C4,2020-05-28,2023-02-17,GBP,8156798.89,Closed
K651,CreditFacility,DB3,C24,2020-10-26,2023-11-01,EUR,5647465.34,Closed
K653,CreditFacility,DB3,C21,2024-07-30,2026-01-18,JPY,4926188.07,Pending
K655,CreditFacility,DB4,C41,2021-06-04,2025-07-04,JPY,5759211.98,Active
K656,CreditFacility,DB2,C21,2020-09-02,2022-01-26,EUR,6564829.66,Pending
K658,DepositContract,DB2,C2,2023-10-30,2026-08-22,GBP,7304946.92,Pending
K659,LoanContract,DB2,C11,2022-02-20,2026-10-20,SGD,1119792.21,Active
K660,LoanContract,DB1,C50,2024-01-10,2027-08-05,SGD,5287429.63,Active
K661,DepositContract,DB1,C42,2020-11-18,2022-11-05,SGD,3162769.47,Active
K662,DepositContract,DB2,C34,2022-06-01,2025-05-23,GBP,382855.8,Pending
K666,DepositContract,DB3,C1,2023-07-04,2025-06-15,USD,5280830.78,Active
K670,DepositContract,DB3,C6,2023-04-25,2025-12-04,SGD,6290697.84,Pending
K671,CreditFacility,DB4,C13,2022-04-24,2024-05-26,USD,1905831.07,Closed
K673,LoanContract,DB2,C4,2021-08-06,2023-11-20,JPY,319095.77,Active
K674,DepositContract,DB4,C47,2022-05-26,2024-05-26,USD,2404823.93,Active
K675,DepositContract,DB3,C27,2020-02-15,2023-05-20,EUR,7878680.85,Closed
K676,LoanContract,DB3,C6,2023-02-27,2026-04-01,GBP,654779.61,Closed
K678,DepositContract,DB4,C50,2021-01-13,2025-11-01,SGD,2546905.69,Active
K679,LoanContract,DB5,C43,2021-09-10,2024-10-07,GBP,4780972.9,Pending
K680,DepositContract,DB1,C48,2022-08-27,2024-12-15,JPY,5257169.9,Closed
K681,CreditFacility,DB2,C24,2024-02-04,2028-03-01,USD,8650210.89,Active
K683,DepositContract,DB1,C3,2021-01-06,2023-09-23,JPY,7856404.88,Closed
K684,LoanContract,DB2,C11,2021-04-26,2023-11-22,SGD,1004875.37,Pending
K685,LoanContract,DB1,C23,2022-11-17,2027-08-18,GBP,7043148.59,Active
K686,DepositContract,DB3,C36,2021-01-25,2024-04-18,EUR,8074701.23,Closed
K689,CreditFacility,DB3,C47,2024-10-26,2026-05-11,SGD,2825712.18,Pending
K690,LoanContract,DB5,C10,2024-09-18,2026-02-08,SGD,3027159.35,Closed
K692,CreditFacility,DB5,C16,2020-02-28,2024-02-16,EUR,7237935.27,Pending
K693,DepositContract,DB5,C44,2024-08-01,2027-04-01,SGD,7680767.55,Active
K695,DepositContract,DB1,C13,2020-05-16,2021-08-04,USD,4905165.84,Active
K697,DepositContract,DB5,C46,2020-06-01,2022-12-18,USD,229552.49,Active
K699,LoanContract,DB5,C18,2023-02-20,2028-01-31,JPY,502466.21,Active
K700,DepositContract,DB5,C7,2022-08-02,2023-07-07,USD,7279202.13,Pending
K701,DepositContract,DB5,C43,2023-04-12,2024-10-31,GBP,5743273.92,Active
K703,DepositContract,DB2,C36,2023-08-19,2024-09-15,SGD,5096458.53,Pending
K706,CreditFacility,DB3,C29,2023-03-11,2027-12-23,SGD,9602261.87,Active
K707,LoanContract,DB5,C9,2020-04-17,2022-05-19,EUR,165031.41,Active
K708,LoanContract,DB3,C36,2021-10-29,2024-01-31,JPY,5607598.55,Pending
K709,LoanContract,DB4,C23,2021-04-25,2022-05-03,GBP,1470241.12,Closed
K710,DepositContract,DB3,C20,2024-12-13,2026-11-04,USD,5747822.88,Pending
K711,LoanContract,DB3,C31,2021-11-06,2026-06-16,GBP,4933936.34,Pending
K712,CreditFacility,DB1,C47,2024-11-25,2025-12-05,JPY,3877306.49,Active
K715,CreditFacility,DB5,C45,2024-10-21,2026-02-19,GBP,1616655.08,Pending
K716,LoanContract,DB2,C28,2023-05-05,2026-05-01,EUR,7885046.16,Active
K717,LoanContract,DB4,C37,2021-02-14,2023-07-02,USD,5526708.81,Closed
K719,DepositContract,DB5,C40,2024-02-24,2026-11-09,JPY,2537833.82,Active
K721,CreditFacility,DB3,C13,2023-07-08,2026-05-20,EUR,3510796.6,Pending
K722,CreditFacility,DB2,C23,2020-03-16,2025-01-05,JPY,8233682.13,Closed
K723,LoanContract,DB2,C13,2021-03-29,2024-03-15,EUR,1644313.05,Pending
K724,LoanContract,DB2,C40,2020-09-23,2021-11-07,GBP,8700648.28,Closed
K725,LoanContract,DB3,C29,2020-02-12,2022-07-14,SGD,325206.34,Active
K726,DepositContract,DB5,C34,2024-07-29,2026-04-03,EUR,5533120.54,Pending
K727,LoanContract,DB4,C38,2021-03-15,2025-08-04,JPY,530471.87,Active
K728,DepositContract,DB5,C18,2020-07-05,2022-08-05,USD,4703112.1,Active
K729,CreditFacility,DB3,C7,2020-07-25,2023-03-27,USD,2995706.22,Pending
K731,DepositContract,DB2,C33,2024-07-09,2025-07-04,SGD,5650806.66,Pending
K732,DepositContract,DB5,C20,2020-03-07,2020-11-23,EUR,4950335.17,Pending
K733,CreditFacility,DB3,C23,2021-05-02,2021-12-05,EUR,2438427.18,Pending
K734,CreditFacility,DB4,C2,2022-05-07,2023-03-09,JPY,9496252.54,Active
K736,DepositContract,DB5,C10,2021-12-07,2024-10-06,SGD,9708318.01,Pending
K737,DepositContract,DB2,C42,2022-10-20,2025-10-23,GBP,5852203.94,Pending
K738,CreditFacility,DB5,C9,2021-09-20,2022-12-26,SGD,9957289.42,Active
K739,CreditFacility,DB1,C36,2024-10-20,2026-03-07,JPY,9491155.49,Active
K740,DepositContract,DB1,C49,2021-07-26,2023-11-03,EUR,8813305.81,Closed
K742,CreditFacility,DB5,C37,2020-03-22,2024-12-27,JPY,2386022.35,Active
K743,LoanContract,DB3,C6,2021-12-18,2026-04-23,SGD,1427457.61,Pending
K744,CreditFacility,DB2,C25,2023-12-27,2028-06-21,SGD,4791084.52,Active
K745,LoanContract,DB4,C49,2021-08-23,2023-05-28,USD,9261807.32,Closed
K746,DepositContract,DB2,C5,2021-11-22,2026-07-19,GBP,9278321.74,Closed
K747,CreditFacility,DB4,C16,2024-03-02,2028-07-07,SGD,4108181.01,Active
K748,CreditFacility,DB4,C40,2023-03-27,2027-10-06,JPY,5978677.43,Pending
K749,LoanContract,DB4,C30,2020-04-29,2023-09-27,USD,8790021.39,Active
K751,CreditFacility,DB4,C26,2020-06-02,2021-12-22,EUR,7759402.42,Closed
K755,LoanContract,DB3,C21,2021-09-19,2024-10-04,GBP,7211909.73,Active
K757,DepositContract,DB4,C36,2024-05-08,2028-04-10,SGD,534670.23,Active
K758,DepositContract,DB2,C10,2022-11-07,2026-07-07,GBP,7714652.29,Active
K759,CreditFacility,DB4,C19,2023-07-27,2025-10-14,GBP,1263784.39,Active
K760,CreditFacility,DB1,C30,2021-09-22,2022-03-28,SGD,8568569.46,Pending
K762,LoanContract,DB5,C39,2023-06-28,2026-06-16,USD,2522660.4,Pending
K763,DepositContract,DB1,C12,2022-05-14,2026-05-02,GBP,645132.99,Closed
K764,LoanContract,DB5,C39,2020-04-24,2021-08-14,EUR,3377999.77,Active
K766,DepositContract,DB4,C48,2024-11-13,2029-10-10,JPY,3665867.61,Active
K767,CreditFacility,DB3,C24,2020-10-16,2025-08-04,SGD,8220620.95,Closed
K768,CreditFacility,DB4,C9,2024-09-06,2025-07-15,USD,6976732.44,Closed
K770,LoanContract,DB4,C47,2024-11-10,2029-06-11,JPY,9345527.58,Pending
K771,CreditFacility,DB3,C34,2022-06-11,2025-04-30,JPY,9950740.92,Closed
K773,CreditFacility,DB2,C1,2021-12-24,2026-06-12,USD,337469.3,Pending
K774,DepositContract,DB5,C27,2021-01-01,2025-08-18,SGD,550372.68,Closed
K775,DepositContract,DB1,C41,2024-10-07,2028-10-31,GBP,6931168.91,Closed
K776,CreditFacility,DB5,C36,2020-07-29,2022-10-17,EUR,7693622.75,Active
K779,CreditFacility,DB4,C27,2023-12-02,2027-06-03,USD,8367546.79,Closed
K780,CreditFacility,DB5,C35,2024-10-21,2029-05-12,USD,2161798.45,Pending
K781,CreditFacility,DB1,C10,2022-10-27,2027-10-18,EUR,8423317.62,Closed
K782,DepositContract,DB5,C39,2023-03-11,2027-03-13,SGD,1955051.21,Active
K783,CreditFacility,DB1,C18,2022-08-15,2027-01-25,SGD,959298.07,Active
K784,CreditFacility,DB2,C34,2023-02-28,2026-03-09,EUR,1832626.18,Closed
K785,DepositContract,DB1,C29,2020-04-26,2025-03-03,JPY,346854.27,Closed
K786,DepositContract,DB3,C31,2024-04-02,2025-08-10,JPY,3172551.22,Closed
K787,LoanContract,DB5,C44,2021-03-21,2026-01-09,GBP,2131352.39,Active
K788,LoanContract,DB1,C20,2023-11-28,2026-07-28,USD,6901818.07,Pending
K790,CreditFacility,DB2,C21,2022-08-28,2023-04-11,GBP,2006201.83,Closed
K792,LoanContract,DB2,C35,2020-02-17,2024-02-11,EUR,5538720.0,Closed
K793,CreditFacility,DB5,C16,2021-03-15,2025-08-23,GBP,805304.43,Pending
K796,CreditFacility,DB3,C22,2023-10-17,2027-09-28,GBP,7157696.98,Pending
K799,CreditFacility,DB3,C26,2021-03-22,2025-03-04,GBP,7026184.75,Pending
K800,CreditFacility,DB4,C32,2022-10-23,2027-09-22,USD,747115.47,Active
K807,DepositContract,DB3,C26,2020-10-30,2023-10-26,USD,6022765.9,Pending
K809,DepositContract,DB2,C29,2020-01-01,2024-09-26,JPY,2985882.21,Pending
K810,DepositContract,DB2,C44,2024-11-30,2027-11-30,EUR,3067379.81,Pending
K811,CreditFacility,DB1,C38,2022-08-04,2025-07-09,USD,6153758.49,Pending
K812,CreditFacility,DB1,C24,2023-06-09,2024-08-23,JPY,9682205.21,Active
K813,LoanContract,DB3,C2,2024-10-05,2027-04-08,GBP,4373983.46,Pending
K814,CreditFacility,DB4,C26,2023-05-09,2027-05-08,SGD,4408381.48,Active
K815,DepositContract,DB2,C36,2021-06-22,2024-08-17,SGD,8448943.94,Closed
K816,CreditFacility,DB2,C9,2023-07-20,2024-11-26,USD,810285.37,Active
K819,CreditFacility,DB2,C12,2023-10-30,2026-06-23,SGD,6085275.25,Pending
K820,DepositContract,DB5,C18,2024-03-27,2028-10-28,SGD,9272988.07,Pending
K821,LoanContract,DB5,C31,2023-02-14,2023-10-20,EUR,1220327.26,Closed
K822,CreditFacility,DB4,C34,2020-09-05,2021-12-19,USD,5281232.27,Pending
K824,LoanContract,DB4,C30,2020-06-12,2022-11-12,JPY,9069945.31,Pending
K825,CreditFacility,DB3,C19,2022-10-26,2025-09-02,GBP,449729.78,Pending
K826,CreditFacility,DB1,C41,2022-08-02,2027-02-25,SGD,5823596.76,Pending
K827,CreditFacility,DB5,C2,2020-06-09,2024-08-11,EUR,4899125.86,Active
K828,CreditFacility,DB3,C9,2024-04-19,2025-03-22,JPY,2881622.12,Closed
K829,LoanContract,DB5,C12,2020-02-14,2024-10-08,JPY,7415775.61,Pending
K830,DepositContract,DB3,C45,2023-10-19,2026-05-13,GBP,4900693.29,Pending
K831,LoanContract,DB2,C39,2020-04-12,2022-09-11,GBP,8392380.77,Closed
K833,CreditFacility,DB1,C4,2020-06-17,2024-07-21,GBP,4693747.79,Closed
K834,DepositContract,DB4,C44,2022-07-25,2025-09-22,SGD,4798436.85,Active
K835,LoanContract,DB3,C29,2024-07-06,2027-06-11,SGD,6817084.71,Pending
K836,CreditFacility,DB4,C40,2020-05-07,2021-05-21,EUR,3416177.33,Closed
K838,CreditFacility,DB2,C21,2021-08-28,2025-01-23,JPY,204722.09,Active
K840,CreditFacility,DB3,C13,2021-11-12,2026-06-04,USD,334634.68,Active
K841,DepositContract,DB5,C41,2020-06-25,2024-04-21,USD,7109943.55,Active
K842,DepositContract,DB4,C43,2020-09-25,2024-08-13,JPY,8051680.65,Active
K843,DepositContract,DB3,C19,2020-12-10,2025-05-02,SGD,6638730.68,Active
K846,LoanContract,DB4,C13,2021-07-06,2024-06-22,JPY,3987081.01,Pending
K847,DepositContract,DB5,C50,2024-03-08,2025-04-14,SGD,2262026.33,Pending
K848,CreditFacility,DB1,C3,2020-11-26,2023-11-15,USD,797082.04,Pending
K852,LoanContract,DB4,C45,2024-08-05,2026-05-09,SGD,1299916.14,Pending
K853,CreditFacility,DB4,C4,2023-01-20,2025-05-31,USD,3717018.08,Closed
K854,CreditFacility,DB2,C12,2020-09-06,2023-10-02,JPY,489378.71,Closed
K856,DepositContract,DB2,C3,2023-09-22,2028-05-03,GBP,351109.59,Pending
K858,CreditFacility,DB1,C22,2020-02-21,2020-11-02,USD,4114527.77,Active
K859,DepositContract,DB5,C15,2024-06-13,2027-07-06,USD,465088.91,Active
K860,LoanContract,DB4,C40,2024-02-27,2028-04-25,USD,2502557.26,Pending
K861,DepositContract,DB1,C20,2021-02-09,2021-09-06,USD,4616227.47,Active
K862,LoanContract,DB4,C39,2020-07-17,2021-08-18,JPY,2283667.99,Active
K864,LoanContract,DB5,C12,2021-10-24,2026-08-04,EUR,725896.69,Closed
K866,LoanContract,DB2,C7,2022-01-26,2025-10-28,JPY,3823697.46,Active
K867,LoanContract,DB1,C1,2020-02-18,2023-05-10,GBP,9268755.87,Pending
K869,DepositContract,DB2,C40,2023-10-31,2026-08-19,USD,6003092.51,Pending
K870,LoanContract,DB3,C23,2024-04-02,2028-03-05,SGD,145243.41,Active
K871,LoanContract,DB5,C24,2021-08-19,2022-10-13,JPY,5124653.49,Closed
K872,LoanContract,DB2,C8,2021-10-08,2023-10-24,GBP,6883913.17,Closed
K873,DepositContract,DB1,C4,2024-03-25,2025-09-17,EUR,2922138.75,Closed
K875,LoanContract,DB4,C33,2021-05-06,2026-03-29,USD,801509.04,Active
K876,CreditFacility,DB4,C13,2023-10-14,2027-08-07,EUR,2377626.03,Active
K877,LoanContract,DB2,C48,2022-10-10,2024-07-17,SGD,8711874.4,Closed
K880,CreditFacility,DB3,C13,2021-08-26,2025-09-08,EUR,1359396.47,Pending
K881,CreditFacility,DB2,C8,2024-11-01,2025-08-30,SGD,4639931.36,Active
K882,CreditFacility,DB5,C11,2022-12-03,2024-08-24,JPY,9065223.19,Pending
K883,LoanContract,DB4,C34,2024-09-13,2026-06-25,SGD,8635770.63,Active
K884,CreditFacility,DB1,C47,2024-01-11,2027-02-11,SGD,7388170.71,Active
K886,LoanContract,DB1,C31,2020-01-16,2022-11-16,JPY,432843.49,Pending
K887,LoanContract,DB4,C32,2023-05-10,2026-07-14,GBP,922606.09,Active
K888,DepositContract,DB3,C19,2023-06-17,2025-03-04,GBP,6511637.96,Active
K889,CreditFacility,DB2,C46,2020-02-19,2023-04-26,SGD,8593428.9,Pending
K891,CreditFacility,DB4,C46,2021-07-28,2026-06-29,USD,8617788.24,Active
K892,CreditFacility,DB5,C3,2023-04-10,2027-08-21,EUR,4316432.31,Closed
K893,DepositContract,DB1,C40,2024-08-12,2028-05-01,EUR,7384031.77,Active
K894,CreditFacility,DB1,C8,2024-05-18,2028-08-26,SGD,3719349.5,Pending
K895,CreditFacility,DB2,C42,2020-05-06,2022-11-20,JPY,7078249.23,Pending
K896,CreditFacility,DB2,C35,2021-09-28,2023-01-04,USD,6525480.16,Pending
K897,DepositContract,DB2,C21,2024-12-07,2029-05-14,EUR,8989537.08,Pending
K898,LoanContract,DB1,C24,2023-08-06,2025-08-22,EUR,4578865.43,Pending
K900,LoanContract,DB2,C30,2023-02-17,2028-02-09,USD,893686.99,Active
K901,LoanContract,DB2,C18,2022-06-14,2023-05-17,USD,7001112.9,Closed
K902,LoanContract,DB3,C27,2021-04-12,2022-12-01,JPY,9324042.58,Closed
K904,CreditFacility,DB4,C38,2024-06-02,2028-07-11,EUR,6592028.97,Closed
K906,CreditFacility,DB2,C31,2021-06-17,2026-05-18,EUR,9710168.08,Active
K907,CreditFacility,DB4,C11,2021-04-05,2023-09-25,JPY,9248903.24,Pending
K908,DepositContract,DB2,C46,2024-07-21,2026-08-24,GBP,1696421.66,Active
K909,DepositContract,DB4,C17,2020-05-07,2022-08-13,EUR,1926516.17,Pending
K910,CreditFacility,DB3,C10,2020-04-17,2024-07-08,EUR,4539448.06,Active
K911,LoanContract,DB1,C26,2024-07-15,2026-09-20,SGD,7708329.84,Closed
K912,LoanContract,DB5,C33,2022-09-21,2024-02-02,EUR,6507715.13,Closed
K913,DepositContract,DB5,C47,2024-01-12,2026-02-23,SGD,3452975.86,Active
K914,DepositContract,DB5,C8,2024-01-28,2024-10-16,EUR,345476.39,Pending
K915,CreditFacility,DB1,C21,2021-11-15,2024-11-12,USD,6120696.98,Active
K916,DepositContract,DB3,C13,2024-12-17,2028-05-28,USD,927536.55,Closed
K918,CreditFacility,DB4,C10,2020-06-23,2024-09-15,SGD,3759336.67,Closed
K919,CreditFacility,DB3,C20,2020-02-07,2022-03-10,SGD,8755587.18,Active
K922,CreditFacility,DB1,C38,2022-07-31,2025-09-25,SGD,975637.96,Closed
K923,DepositContract,DB5,C30,2022-04-29,2025-02-20,JPY,7576913.1,Active
K926,CreditFacility,DB4,C8,2021-04-23,2023-04-10,EUR,4229852.04,Closed
K927,LoanContract,DB3,C32,2022-01-30,2022-09-25,USD,6029024.1,Closed
K929,LoanContract,DB3,C11,2023-03-05,2026-07-16,JPY,679252.9,Closed
K930,DepositContract,DB3,C11,2023-12-03,2028-04-19,USD,2799436.5,Closed
K931,CreditFacility,DB3,C34,2023-01-11,2023-10-17,USD,5187278.28,Pending
K932,LoanContract,DB5,C49,2021-07-23,2026-05-04,GBP,5482752.12,Closed
K933,CreditFacility,DB1,C35,2022-07-24,2024-07-28,JPY,3581130.74,Active
K934,CreditFacility,DB3,C50,2020-02-10,2021-05-15,SGD,4178745.59,Active
K935,DepositContract,DB5,C15,2020-11-14,2022-08-02,GBP,7971556.71,Pending
K936,LoanContract,DB4,C30,2024-06-21,2027-12-12,USD,1253999.94,Active
K937,CreditFacility,DB3,C45,2020-02-23,2023-04-30,EUR,1476238.42,Closed
K938,CreditFacility,DB2,C46,2024-06-13,2029-03-22,EUR,384719.42,Active
K939,DepositContract,DB2,C20,2021-11-21,2023-02-07,GBP,2177425.96,Active
K940,LoanContract,DB1,C2,2023-08-12,2027-12-23,SGD,7597606.94,Active
K941,LoanContract,DB5,C38,2021-09-02,2022-10-07,USD,4743915.18,Closed
K942,CreditFacility,DB1,C49,2020-05-14,2021-03-25,USD,7845471.06,Pending
K943,DepositContract,DB2,C43,2021-09-30,2025-07-14,EUR,389665.25,Active
K944,CreditFacility,DB3,C11,2022-05-11,2026-02-06,JPY,7829941.15,Pending
K945,LoanContract,DB1,C38,2022-01-21,2025-05-19,USD,5335503.53,Pending
K946,DepositContract,DB5,C1,2021-08-18,2023-09-14,USD,9249897.76,Pending
K947,DepositContract,DB4,C44,2024-01-14,2026-08-01,USD,1890400.52,Closed
K948,DepositContract,DB5,C15,2023-03-25,2026-02-05,SGD,1217170.24,Closed
K949,LoanContract,DB5,C9,2021-01-19,2024-02-27,SGD,7646509.43,Pending
K950,LoanContract,DB1,C21,2022-06-14,2026-01-25,SGD,1245653.81,Closed
K951,CreditFacility,DB4,C15,2023-11-20,2027-09-29,JPY,4132093.98,Closed
K954,LoanContract,DB2,C5,2023-05-29,2027-10-18,EUR,9754554.19,Closed
K956,CreditFacility,DB4,C23,2024-12-12,2028-10-07,SGD,6700102.4,Closed
K957,CreditFacility,DB2,C50,2024-02-14,2027-06-25,SGD,1169563.01,Closed
K958,DepositContract,DB2,C2,2024-02-29,2027-06-11,USD,7404203.72,Active
K959,LoanContract,DB2,C25,2024-03-27,2028-07-12,JPY,6824123.18,Active
K960,LoanContract,DB1,C43,2022-07-29,2026-07-21,JPY,7698963.88,Closed
K962,LoanContract,DB4,C8,2024-08-25,2025-03-29,SGD,4556143.64,Closed
K963,LoanContract,DB1,C12,2023-10-06,2026-10-31,JPY,6628169.17,Closed
K966,LoanContract,DB4,C17,2024-10-12,2026-02-24,SGD,5951346.67,Closed
K967,CreditFacility,DB3,C4,2022-12-31,2027-10-15,USD,5945587.81,Active
K968,LoanContract,DB3,C25,2023-02-12,2025-07-25,USD,4338667.08,Closed
K969,LoanContract,DB2,C16,2023-07-03,2025-12-18,GBP,6516019.97,Pending
K970,LoanContract,DB3,C8,2020-09-20,2025-01-26,EUR,1780814.49,Pending
K973,LoanContract,DB4,C7,2022-09-28,2026-06-11,GBP,3426077.88,Pending
K974,CreditFacility,DB3,C28,2022-11-20,2024-04-24,GBP,5019821.94,Active
K975,CreditFacility,DB3,C4,2024-07-22,2026-04-01,EUR,9962654.16,Closed
K976,LoanContract,DB5,C7,2021-12-02,2025-11-30,JPY,3434696.81,Active
K978,CreditFacility,DB4,C43,2022-07-26,2025-11-20,JPY,3202194.37,Closed
K982,DepositContract,DB2,C48,2023-12-07,2025-04-02,EUR,8456807.76,Closed
K983,DepositContract,DB4,C18,2022-09-17,2023-07-25,EUR,6495822.27,Closed
K984,DepositContract,DB1,C10,2022-01-03,2024-10-10,GBP,374271.32,Closed
K986,CreditFacility,DB3,C43,2021-02-27,2021-10-24,JPY,1842253.7,Active
K987,LoanContract,DB1,C6,2024-02-18,2029-01-04,EUR,6055837.43,Active
K988,LoanContract,DB4,C47,2023-06-18,2025-12-28,GBP,2436807.4,Pending
K989,CreditFacility,DB4,C6,2024-04-03,2025-06-04,GBP,6038231.02,Closed
K992,LoanContract,DB3,C35,2023-03-10,2027-08-08,SGD,4801055.83,Active
K993,DepositContract,DB3,C31,2022-05-12,2027-04-02,EUR,8231517.13,Active
K994,LoanContract,DB2,C17,2020-04-18,2024-12-07,JPY,3908433.1,Pending
K995,LoanContract,DB5,C16,2023-02-01,2027-06-03,SGD,3945863.05,Closed
K996,LoanContract,DB2,C20,2022-03-04,2024-05-08,GBP,8608225.7,Active
K997,CreditFacility,DB4,C3,2023-09-25,2027-10-07,EUR,8677801.42,Closed
K999,CreditFacility,DB5,C5,2021-05-13,2025-10-09,EUR,4266618.27,Pending
K1000,CreditFacility,DB4,C45,2024-08-28,2029-04-14,USD,7643556.91,Pending
